순번,등록일자,지역,유형,장프,티켓구분,공연명,단체명,공연기간,공연장소
1,2018-12-31,서울,공연,연극,할인티켓,[서울]연극열전7 - 세 번째 작품<진실X거짓>,(주)연극열전,2019-01-01~2019-01-10,아트원씨어터 2관
2,2018-12-10,서울,공연,클래식,무료티켓,[서울]조이오브스트링스 신년음악회 <사랑의 인사>(객석나눔),(주)스테이지원,2019-01-02~2019-01-02,예술의전당 IBK챔버홀
3,2018-12-10,서울,공연,클래식,할인티켓,[서울]조이오브스트링스 신년음악회 <사랑의 인사>,(주)스테이지원,2019-01-02~2019-01-02,예술의전당 IBK챔버홀
4,2018-12-28,서울,공연,퍼포먼스,무료티켓,[서울]넌버벌 퍼포먼스 <파이어맨>(객석나눔),(주)에픽씨어터,2019-01-02~2019-07-31,명보아트홀 가온홀
5,2018-12-28,서울,공연,퍼포먼스,할인티켓,[서울]넌버벌 퍼포먼스 <파이어맨>,(주)에픽씨어터,2019-01-02~2019-08-31,명보아트홀 가온홀
6,2018-12-03,경기,공연,뮤지컬,할인티켓,[경기]어린이뮤지컬<출동! 슈퍼윙스> - 파라오를 찾아서!,엔씨컴퍼니,2019-01-04~2019-03-03,한국잡월드 나래울극장
7,2019-01-04,서울,공연,연극,무료티켓,[서울]국희이야기(객석나눔),극단 청춘좌,2019-01-05~2019-03-31,대학로 스카이시어터
8,2019-01-04,서울,공연,연극,할인티켓,[서울]국희이야기,극단 청춘좌,2019-01-05~2019-03-31,대학로 스카이시어터
9,2018-12-04,서울,공연,클래식,무료티켓,[서울]테너 이기용 귀국 독창회(객석나눔),예인예술기획,2019-01-09~2019-01-09,세종문화회관 세종체임버홀
10,2019-01-07,서울,공연,뮤지컬,할인티켓,[서울]뮤지컬<천로역정>,조이피플,2019-01-09~2019-06-27,북촌아트홀
11,2019-01-10,서울,공연,연극,할인티켓,[서울]2018<톡톡>,(주)연극열전,2019-01-11~2019-02-10,대학로 TOM 2관
12,2018-12-27,대구,공연,콘서트,할인티켓,[대구]박경림 리슨 토크콘서트 첫 투어,(주)그린엔터테인먼트,2019-01-12~2019-01-12,대구보건대 인당아트홀
13,2019-01-03,대구,공연,콘서트,무료티켓,[대구]박경림 리슨 토크콘서트 첫 투어(객석나눔),(주)그린엔터테인먼트,2019-01-12~2019-01-12,대구보건대 인당아트홀
14,2019-01-15,경기,공연,클래식,무료티켓,[경기]플레이어즈 필하모닉 오케스트라 신년음악회(객석나눔),예인예술기획,2019-01-18~2019-01-18,성남아트센터 콘서트홀
15,2019-01-15,서울,공연,클래식,무료티켓,[서울]2019 kt와 함께하는 토요일 오후의 클래식(객석나눔),(주)컬쳐비즈글로벌,2019-01-19~2019-03-02,KT체임버홀
16,2019-01-16,경기,공연,클래식,무료티켓,[경기]2019 빈 소년 합창단 신년음악회 - 과천(객석나눔),과천시시설관리공단,2019-01-22~2019-01-22,과천시민회관 대극장
17,2019-01-18,서울,공연,연극,무료티켓,[서울]제2회 소설시장 페스티벌<수인 - 인간이란 이름의 짐승들>(객석나눔),(주)문화공감공존,2019-01-23~2019-01-27,소극장 혜화당
18,2019-01-09,부산,공연,콘서트,무료티켓,[부산]재즈 와인에 빠지다 128th - 박윤우 TRIO(객석나눔),문화기획단 무대공감,2019-01-25~2019-01-25,해운대문화회관 해운홀(대공연장)
19,2019-01-09,부산,공연,콘서트,할인티켓,[부산]재즈 와인에 빠지다 128th - 박윤우 TRIO,문화기획단 무대공감,2019-01-25~2019-01-25,해운대문화회관 해운홀(대공연장)
20,2018-12-24,부산,공연,아동극,무료티켓,[부산]액션뮤지컬<미니특공대X - 대결！제노스군단>(객석나눔),(주)화랑엔터테인먼트,2019-01-26~2019-01-27,부산문화회관 대극장
21,2018-12-24,부산,공연,아동극,할인티켓,[부산]액션뮤지컬<미니특공대X - 대결！제노스군단>,(주)화랑엔터테인먼트,2019-01-26~2019-01-27,부산문화회관 대극장
22,2019-01-18,서울,공연,연극,무료티켓,[서울]제2회 소설시장 페스티벌<조 앤 스칼렛 - 바람과 함께 사라진 작은 소녀들>(객석나눔),(주)문화공감공존,2019-01-30~2019-02-03,소극장 혜화당
23,2019-01-25,서울,공연,연극,무료티켓,[서울]제2회 소설시장 페스티벌<원고료 이백 원 - 작가 강경애를 만나다>(객석나눔),(주)문화공감공존,2019-01-30~2019-02-03,소극장 혜화당
24,2019-01-21,서울,공연,클래식,무료티켓,[서울]클래시칸 앙상블의 세계음악여행 - 오스트리아(객석나눔),(주)마스트미디어,2019-01-31~2019-01-31,신영체임버홀
25,2019-01-28,서울,공연,연극,무료티켓,[서울]술래잡기(객석나눔),위로 컴퍼니,2019-02-01~2019-02-28,대학로 댕로홀(구. 두레홀1관)
26,2019-01-08,부산,공연,연극,무료티켓,[부산]2019년 리얼 생존 현실로코 <썸이필요해>(객석나눔),주식회사플레이더부산,2019-02-01~2019-03-31,부산메트로홀(구AN아트홀RED)
27,2019-01-08,부산,공연,연극,할인티켓,[부산]2019년 리얼 생존 현실로코 <썸이필요해>,주식회사플레이더부산,2019-02-01~2019-03-31,부산메트로홀(구AN아트홀RED)
28,2019-01-16,서울,공연,발레/무용,무료티켓,[서울]국립무용단 명절기획시리즈<설 · 바람>(객석나눔),국립중앙극장,2019-02-05~2019-02-06,국립극장 하늘극장
29,2019-02-01,서울,공연,아동극,무료티켓,[서울]뮤지컬 헬로카봇 시즌4 <찌릿찌릿 전기 대소동>(객석나눔),(주)하쿠나마타타,2019-02-07~2019-02-22,KT&G 상상마당 대치아트홀
30,2019-01-11,서울,공연,아동극,할인티켓,[서울]음악교육극<미술관에 간 윌리>,엔씨컴퍼니,2019-02-07~2019-03-31,한국방송회관 코바코홀
31,2019-01-22,경기,공연,뮤지컬,무료티켓,[경기]100살 모기 소송사건 - 성남(객석나눔),극단 날으는자동차,2019-02-09~2019-02-09,성남시청 온누리홀
32,2019-01-04,제주,공연,아동극,할인티켓,[제주]100만부 베스트셀러 어린이 뮤지컬<누가 내 머리 똥 쌌어?>,아이짬 컴퍼니,2019-02-09~2019-02-10,제주문예회관 대극장
33,2019-01-18,서울,공연,클래식,무료티켓,[서울]문지형 첼로 독주회(객석나눔),예인예술기획,2019-02-10~2019-02-10,예술의전당 리사이틀홀
34,2019-01-22,경기,공연,뮤지컬,무료티켓,[경기]마루의 파란하늘 - 성남(객석나눔),극단 날으는자동차,2019-02-10~2019-02-10,성남아트센터 앙상블시어터
35,2019-01-29,서울,공연,발레/무용,무료티켓,[서울]이철진의 월요 승무이야기(객석나눔),(주)꿈꾸는 공작소,2019-02-11~2019-04-29,대학로 성균소극장
36,2019-01-28,인천,공연,발레/무용,무료티켓,[인천]2019 커피콘서트 스페셜Ⅰ <이원국 발레단 - 사랑의 세레나데>(객석나눔),인천광역시문화예술회관,2019-02-13~2019-02-13,인천문화예술회관 소공연장
37,2019-01-28,인천,공연,발레/무용,할인티켓,[인천]2019 커피콘서트 스페셜Ⅰ <이원국 발레단 - 사랑의 세레나데>,인천광역시문화예술회관,2019-02-13~2019-02-13,인천문화예술회관 소공연장
38,2019-01-25,서울,공연,연극,무료티켓,[서울]제2회 소설시장 페스티벌<날개>(객석나눔),(주)문화공감공존,2019-02-13~2019-02-17,소극장 혜화당
39,2019-01-25,서울,공연,연극,무료티켓,"[서울]제2회 소설시장 페스티벌<인간, 실격>(객석나눔)",(주)문화공감공존,2019-02-13~2019-02-17,소극장 혜화당
40,2019-01-30,서울,공연,클래식,무료티켓,[서울]국립합창단 제176회 정기연주회<창작합창의 밤>(객석나눔),(재)국립합창단,2019-02-14~2019-02-14,예술의전당 IBK챔버홀
41,2019-01-22,경기,공연,뮤지컬,무료티켓,[경기]100살 모기 소송사건 - 고양(객석나눔),극단 날으는자동차,2019-02-16~2019-02-16,고양어울림누리 별모래극장
42,2019-02-12,부산,공연,콘서트,할인티켓,[부산]보헤미안 '랩소디 퀸' 내한공연&프레디 머큐리 미공개 사진전,(주)월드쇼마켓,2019-02-16~2019-02-16,벡스코 오디토리움
43,2019-01-17,서울,공연,아동극,무료티켓,[서울]가족뮤지컬<어린이 캣’s-3탄> - 신도림(객석나눔),(주)화랑엔터테인먼트,2019-02-16~2019-02-24,신도림 프라임아트홀(신도림 테크노마트 12층)
44,2019-01-17,서울,공연,아동극,할인티켓,[서울]가족뮤지컬<어린이 캣’s-3탄> - 신도림,(주)화랑엔터테인먼트,2019-02-16~2019-02-24,신도림 프라임아트홀(신도림 테크노마트 12층)
45,2019-02-14,서울,공연,연극,할인티켓,[서울]서서농담,주식회사 제이디비엔터테인먼트,2019-02-16~2019-05-25,JDB스퀘어
46,2019-01-22,경기,공연,뮤지컬,무료티켓,[경기]마루의 파란하늘 - 고양(객석나눔),극단 날으는자동차,2019-02-17~2019-02-17,고양어울림누리 별모래극장
47,2019-02-15,서울,공연,국악,무료티켓,[서울]솟대 탈바꿈(객석나눔),공연자협동조합 신,2019-02-19~2019-02-26,대학로 성균소극장
48,2019-01-07,제주,공연,연극,할인티켓,[제주]전 국민을 울린 감동실화 연극<행복 배달부 우수씨>,아이짬 컴퍼니,2019-02-19~2019-03-03,제주 세이레아트센터
49,2019-02-14,서울,공연,연극,할인티켓,[서울]개그 프로듀스 18,주식회사 제이디비엔터테인먼트,2019-02-19~2019-05-31,JDB스퀘어
50,2019-01-31,서울,공연,연극,무료티켓,[서울]제2회 소설시장 페스티벌<마흔 다섯 미선씨>(객석나눔),(주)문화공감공존,2019-02-20~2019-02-24,소극장 혜화당
51,2019-01-31,서울,공연,연극,무료티켓,[서울]제2회 소설시장 페스티벌<상록수>(객석나눔),(주)문화공감공존,2019-02-20~2019-02-24,소극장 혜화당
52,2019-02-15,서울,공연,연극,무료티켓,"[서울]체홉, 여자를 읽다.(객석나눔)",(주)씨어터오,2019-02-21~2019-03-31,예그린씨어터
53,2019-02-01,부산,공연,콘서트,무료티켓,[부산]재즈 와인에 빠지다 129th - 김요한 TRIO(객석나눔),문화기획단 무대공감,2019-02-22~2019-02-22,해운대문화회관 해운홀(대공연장)
54,2019-02-01,부산,공연,콘서트,할인티켓,[부산]재즈 와인에 빠지다 129th - 김요한 TRIO,문화기획단 무대공감,2019-02-22~2019-02-22,해운대문화회관 해운홀(대공연장)
55,2019-02-07,서울,공연,클래식,무료티켓,[서울]코리안심포니오케스트라 212회 정기연주회(객석나눔),(재)코리안심포니오케스트라,2019-02-22~2019-02-22,예술의전당 콘서트홀
56,2019-02-19,서울,공연,클래식,무료티켓,[서울]이지혜 피아노 독주회(객석나눔),가온클래식,2019-02-22~2019-02-22,세종문화회관 세종체임버홀
57,2019-02-19,서울,공연,클래식,무료티켓,"[서울]독일, 이탈리아의 중세, 바로크 시대로 들어가다!(객석나눔)",(주)마스트미디어,2019-02-22~2019-02-22,신영체임버홀
58,2019-02-19,서울,공연,클래식,할인티켓,[서울]이지혜 피아노 독주회,가온클래식,2019-02-22~2019-02-22,세종문화회관 세종체임버홀
59,2019-02-19,인천,공연,연극,무료티켓,[인천]부평아트센터 소리극<서편제>(객석나눔),(재)인천광역시부평구문화재단,2019-02-22~2019-02-23,부평아트센터 달누리극장
60,2019-01-22,서울,공연,뮤지컬,무료티켓,[서울]100살 모기 소송사건(객석나눔),극단 날으는자동차,2019-02-23~2019-02-23,동덕여대 공연예술센터 대극장
61,2019-02-15,서울,공연,콘서트,무료티켓,[서울]보이스퍼 콘서트 - The first harmony(객석나눔),에버모어뮤직,2019-02-23~2019-02-23,이화여고 100주년 기념관 화암홀
62,2019-02-20,서울,공연,콘서트,무료티켓,[서울]보이스퍼 콘서트 - The first harmony(객석나눔),공연생각,2019-02-23~2019-02-23,이화여고 100주년 기념관 화암홀
63,2019-01-28,서울,공연,아동극,무료티켓,[서울]2019 어린이율동놀이뮤지컬<호비쇼>(객석나눔),(주)화랑엔터테인먼트,2019-02-23~2019-02-24,더케이아트홀(구.서울교육문화회관 대극장)
64,2019-01-28,서울,공연,아동극,할인티켓,[서울]2019 어린이율동놀이뮤지컬<호비쇼>,(주)화랑엔터테인먼트,2019-02-23~2019-02-24,더케이아트홀(구.서울교육문화회관 대극장)
65,2019-02-15,서울,공연,연극,무료티켓,[서울]리얼 프리미엄 코미디 연극<달콤한 의뢰인>(객석나눔),팀플레이예술기획(주),2019-02-23~2019-08-31,대학로 아티스탄홀 
66,2019-02-15,서울,공연,연극,할인티켓,[서울]리얼 프리미엄 코미디 연극<달콤한 의뢰인>,팀플레이예술기획(주),2019-02-23~2019-08-31,대학로 아티스탄홀 
67,2019-01-22,서울,공연,뮤지컬,무료티켓,[서울]마루의 파란하늘(객석나눔),극단 날으는자동차,2019-02-24~2019-02-24,동덕여대 공연예술센터 대극장
68,2019-02-22,서울,공연,전통,무료티켓,[서울]The K-art 우시산의 사계(객석나눔),내드름연희단,2019-02-27~2019-02-28,아르코예술극장 대극장
69,2019-02-22,서울,공연,전통,할인티켓,[서울]The K-art 우시산의 사계,내드름연희단,2019-02-27~2019-02-28,아르코예술극장 대극장
70,2019-02-11,인천,공연,기타,무료티켓,"[인천]100년 후, 꿈꾸었던 세상(객석나눔)",인천광역시문화예술회관,2019-03-01~2019-03-03,인천문화예술회관 대공연장
71,2019-02-20,서울,공연,클래식,할인티켓,[서울]서울시합창단 제152회 정기연주회<유관순 오페라 칸타타>,(재)세종문화회관 서울시합창단,2019-03-02~2019-03-02,세종문화회관 대극장
72,2019-02-01,경기,공연,아동극,무료티켓,[경기]2019 어린이율동놀이뮤지컬<호비쇼> - 경기광주(객석나눔),(주)화랑엔터테인먼트,2019-03-02~2019-03-03,남한산성아트홀 소극장
73,2019-02-01,경기,공연,아동극,할인티켓,[경기]2019 어린이율동놀이뮤지컬<호비쇼> - 경기광주,(주)화랑엔터테인먼트,2019-03-02~2019-03-03,남한산성아트홀 소극장
74,2019-02-27,서울,공연,연극,무료티켓,[서울]자기 앞의 생(객석나눔),(재)국립극단,2019-03-04~2019-03-18,명동예술극장
75,2019-02-27,서울,공연,뮤지컬,무료티켓,"[서울]윤동주, 달을 쏘다.(객석나눔)",(재)서울예술단,2019-03-05~2019-03-06,예술의전당 CJ 토월극장
76,2019-03-04,서울,공연,연극,무료티켓,[서울]2019 SF연극제<마이 리턴 웨딩>(객석나눔),(주)문화공감공존,2019-03-06~2019-03-10,소극장 혜화당
77,2019-02-22,서울,공연,아동극,무료티켓,[서울]Animal Adventure 알록달록 동물원(객석나눔),극단 해보마,2019-03-07~2019-03-10,아르코예술극장 대극장
78,2019-02-22,서울,공연,아동극,할인티켓,[서울]Animal Adventure 알록달록 동물원,극단 해보마,2019-03-07~2019-03-10,아르코예술극장 대극장
79,2019-02-20,서울,공연,국악,무료티켓,"[서울]국립국악원 창작악단 기획공연<청춘, 청어람>(객석나눔)",국립국악원,2019-03-08~2019-03-09,국립국악원 예악당
80,2019-02-22,서울,공연,연극,무료티켓,[서울]2018 창작산실 연극<하거도>(객석나눔),코르코르디움,2019-03-08~2019-03-17,대학로예술극장 대극장
81,2019-01-17,서울,공연,뮤지컬,할인티켓,[서울]넌버벌 퍼포먼스<플라이팬(FLY-PAN)>,(주)월드쇼마켓,2019-03-08~2019-03-24,이화여자대학교 삼성홀
82,2019-02-21,인천,공연,콘서트,무료티켓,[인천]장사익 소리판<자화상七>(객석나눔),인천광역시문화예술회관,2019-03-09~2019-03-09,인천문화예술회관 대공연장
83,2019-02-21,인천,공연,콘서트,할인티켓,[인천]장사익 소리판<자화상七>,인천광역시문화예술회관,2019-03-09~2019-03-09,인천문화예술회관 대공연장
84,2019-02-11,경남,공연,아동극,무료티켓,[경남]2019 어린이율동놀이뮤지컬<호비쇼> - 창원(객석나눔),(주)화랑엔터테인먼트,2019-03-09~2019-03-10,창원 성산아트홀 소극장
85,2019-02-11,경남,공연,아동극,할인티켓,[경남]2019 어린이율동놀이뮤지컬<호비쇼> - 창원,(주)화랑엔터테인먼트,2019-03-09~2019-03-10,창원 성산아트홀 소극장
86,2019-02-08,서울,공연,뮤지컬,할인티켓,[서울]핀란드 캐릭터 가족 뮤지컬<무민 - 소중한 보물>,엔씨컴퍼니,2019-03-09~2019-04-28,예림당아트홀(구.웅진씽크빅 아트홀)
87,2019-02-28,서울,공연,국악,무료티켓,[서울]국립국악원 토요명품공연(객석나눔),국립국악원,2019-03-09~2019-07-27,국립국악원 우면당
88,2019-02-15,서울,공연,연극,할인티켓,[서울]투깝쇼,주식회사 제이디비엔터테인먼트,2019-03-10~2019-05-26,JDB스퀘어
89,2019-03-05,서울,공연,연극,할인티켓,"[서울]체홉, 여자를 읽다.",(주)씨어터오,2019-03-12~2019-03-29,예그린씨어터
90,2019-02-27,경기,공연,연극,무료티켓,[경기]연극<갈팡질팡하다가 내 이럴 줄 알았지> - 과천(객석나눔),과천시시설관리공단,2019-03-16~2019-03-16,과천시민회관 소극장
91,2019-02-13,부산,공연,아동극,무료티켓,[부산]패밀리뮤지컬<핑크퐁랜드 - 황금별을 찾아라>(객석나눔),(주)화랑엔터테인먼트,2019-03-16~2019-03-17,부산문화회관 대극장
92,2019-02-13,부산,공연,아동극,할인티켓,[부산]패밀리뮤지컬<핑크퐁랜드 - 황금별을 찾아라>,(주)화랑엔터테인먼트,2019-03-16~2019-03-17,부산문화회관 대극장
93,2019-02-19,충남,공연,아동극,무료티켓,[충남]2019 어린이율동놀이뮤지컬<호비쇼> - 천안(객석나눔),(주)화랑엔터테인먼트,2019-03-16~2019-03-17,천안시민문화여성회관 성환분관
94,2019-02-19,충남,공연,아동극,할인티켓,[충남]2019 어린이율동놀이뮤지컬<호비쇼> - 천안,(주)화랑엔터테인먼트,2019-03-16~2019-03-17,천안시민문화여성회관 성환분관
95,2019-03-11,서울,공연,아동극,무료티켓,[서울]어린이감성음악극<틀려도괜찮아>(객석나눔),콘텐츠79,2019-03-16~2019-06-02,윤당아트홀 2관
96,2019-03-11,서울,공연,아동극,할인티켓,[서울]어린이감성음악극<틀려도괜찮아>,콘텐츠79,2019-03-16~2019-06-02,윤당아트홀 2관
97,2019-02-26,서울,공연,클래식,무료티켓,[서울]피아노 듀오 유앤킴 리사이틀(객석나눔),가온클래식,2019-03-19~2019-03-19,예술의전당 IBK챔버홀
98,2019-02-26,서울,공연,클래식,할인티켓,[서울]피아노 듀오 유앤킴 리사이틀,가온클래식,2019-03-19~2019-03-19,예술의전당 IBK챔버홀
99,2019-03-07,부산,공연,클래식,무료티켓,[부산]2019 신춘음악회(객석나눔),동래구문화시설사업소,2019-03-19~2019-03-19,동래문화회관 대극장
100,2019-03-15,서울,공연,전통,무료티켓,[서울]2019<궁: 장녹수전>(객석나눔),(재)정동극장,2019-03-19~2019-08-27,서울 정동극장
101,2019-03-04,서울,공연,연극,무료티켓,[서울]2019 SF연극제<벙커맨>(객석나눔),(주)문화공감공존,2019-03-20~2019-03-24,소극장 혜화당
102,2019-03-11,서울,공연,연극,무료티켓,[서울]연극배우 박정자의 드라마 콘서트<꿈속에선 다정하였네>(객석나눔),(재)구로문화재단,2019-03-21~2019-03-23,구로아트밸리 예술극장
103,2019-03-12,경기,공연,아동극,무료티켓,[경기]어린이감성사운드극<리틀뮤지션> - 과천(객석나눔),과천시시설관리공단,2019-03-23~2019-03-23,과천시민회관 소극장
104,2019-02-25,인천,공연,아동극,무료티켓,[인천]2019 어린이율동놀이뮤지컬<호비쇼> - 인천(객석나눔),(주)화랑엔터테인먼트,2019-03-23~2019-03-24,인천문화예술회관 소공연장
105,2019-02-25,인천,공연,아동극,할인티켓,[인천]2019 어린이율동놀이뮤지컬<호비쇼> - 인천,(주)화랑엔터테인먼트,2019-03-23~2019-03-24,인천문화예술회관 소공연장
106,2019-03-19,서울,공연,클래식,무료티켓,[서울]2019 코리안심포니오케스트라 실내악 시리즈(객석나눔),(재)코리안심포니오케스트라,2019-03-24~2019-03-24,예술의전당 IBK챔버홀
107,2019-02-26,서울,공연,클래식,무료티켓,[서울]서명현 귀국 피아노 독주회(객석나눔),예인예술기획,2019-03-26~2019-03-26,금호아트홀
108,2019-02-28,서울,공연,클래식,무료티켓,[서울]서울모테트합창단 창단 30주년 기념 마스터피스 시리즈 Ⅲ - 바흐 모테트 전곡 연주(객석나눔),재단법인 서울모테트음악재단,2019-03-26~2019-03-26,예술의전당 콘서트홀
109,2019-02-28,서울,공연,클래식,할인티켓,[서울]서울모테트합창단 창단 30주년 기념 마스터피스 시리즈 Ⅲ - 바흐 모테트 전곡 연주,재단법인 서울모테트음악재단,2019-03-26~2019-03-26,예술의전당 콘서트홀
110,2019-03-25,서울,공연,뮤지컬,무료티켓,[서울]여명의 눈동자(객석나눔),(주)수키컴퍼니,2019-03-26~2019-03-31,디큐브아트센터
111,2019-03-08,서울,공연,연극,무료티켓,[서울]2019 SF연극제(E.M.C - Erase Memories Center)(객석나눔),(주)문화공감공존,2019-03-27~2019-03-31,소극장 혜화당
112,2019-03-15,부산,공연,연극,할인티켓,[부산]연희극<어느 골짜기에 관한 논쟁>,극단새벽,2019-03-28~2019-06-01,효로민락소극장
113,2019-03-15,서울,공연,콘서트,무료티켓,[서울]박경훈의 피아노 풍류(객석나눔),예술숲(Arts Foret),2019-03-29~2019-03-29,서울돈화문국악당
114,2019-03-20,부산,공연,국악,무료티켓,[부산]2019 국립부산국악원 기악단 연희부 정기공연<왔구나! 연희야>(객석나눔),국립부산국악원,2019-03-29~2019-03-30,국립부산국악원 연악당(대극장)
115,2019-03-07,서울,공연,국악,무료티켓,[서울]완창판소리<방수미의 춘향가 - 김세종제>(객석나눔),국립중앙극장,2019-03-30~2019-03-30,국립극장 하늘극장
116,2019-02-28,부산,공연,아동극,무료티켓,[부산]더 뮤지컬 <런닝맨> - 마지막 승자(객석나눔),(주)화랑엔터테인먼트,2019-03-30~2019-03-31,부산시민회관 대극장
117,2019-02-28,경기,공연,아동극,무료티켓,[경기]2019 어린이율동놀이뮤지컬<호비쇼> - 수원(객석나눔),(주)화랑엔터테인먼트,2019-03-30~2019-03-31,수원 장안구민회관 한누리아트홀
118,2019-02-28,경기,공연,아동극,할인티켓,[경기]2019 어린이율동놀이뮤지컬<호비쇼> - 수원,(주)화랑엔터테인먼트,2019-03-30~2019-03-31,수원 장안구민회관 한누리아트홀
119,2019-02-28,부산,공연,아동극,할인티켓,[부산]더 뮤지컬 <런닝맨> - 마지막 승자,(주)화랑엔터테인먼트,2019-03-30~2019-03-31,부산시민회관 대극장
120,2019-01-18,부산,공연,뮤지컬,할인티켓,[부산]넌버벌 퍼포먼스<플라이팬(FLY-PAN)>,(주)월드쇼마켓,2019-03-30~2019-04-21,경성대학교 콘서트홀
121,2019-03-14,서울,공연,아동극,할인티켓,[서울]집 나가자 꿀꿀꿀,아름다운세상,2019-03-30~2019-06-29,북촌아트홀
122,2019-03-19,서울,공연,클래식,무료티켓,[서울]박주영 첼로 독주회(객석나눔),예인예술기획,2019-04-01~2019-04-01,금호아트홀
123,2019-03-21,서울,공연,클래식,무료티켓,[서울]국립합창단 제177회 정기연주회<모차르트 레퀴엠>(객석나눔),(재)국립합창단,2019-04-01~2019-04-01,롯데콘서트홀
124,2019-03-25,서울,공연,뮤지컬,할인티켓,[서울]여명의 눈동자,(주)수키컴퍼니,2019-04-02~2019-04-14,디큐브아트센터
125,2019-03-13,서울,공연,연극,무료티켓,[서울]2019 SF연극제<뮤지컬 리히터 (REHEATER)>(객석나눔) ,(주)문화공감공존,2019-04-03~2019-04-07,소극장 혜화당
126,2019-03-29,서울,공연,뮤지컬,무료티켓,[서울]뮤지컬<그날들>(객석나눔),(주)인터파크씨어터,2019-04-03~2019-04-14,블루스퀘어 인터파크홀
127,2019-03-15,부산,공연,연극,무료티켓,[부산]연희극<어느 골짜기에 관한 논쟁>(객석나눔),극단새벽,2019-04-04~2019-04-06,효로민락소극장
128,2019-03-11,서울,공연,국악,무료티켓,[서울]2019 국립국악원 기획공연<목요풍류>(객석나눔),국립국악원,2019-04-04~2019-04-25,국립국악원 풍류사랑방
129,2019-03-29,경기,공연,퍼포먼스,무료티켓,[경기]마술같은 미술 퍼포먼스<페인터즈 히어로> - 과천(객석나눔),과천시시설관리공단,2019-04-05~2019-04-05,과천시민회관 대극장
130,2019-04-02,서울,공연,연극,무료티켓,[서울]연극<미라클>(객석나눔),(주)파란달,2019-04-05~2019-05-05,대학로 상명아트홀 2관
131,2019-04-02,서울,공연,연극,할인티켓,[서울]연극<미라클>,(주)파란달,2019-04-05~2019-05-05,대학로 상명아트홀 2관
132,2019-03-08,제주,공연,아동극,할인티켓,[제주]가족뮤지컬<고고다이노 공룡탐험대>,문화디자인그룹,2019-04-06~2019-04-07,제주 설문대여성문화센터
133,2019-03-11,서울,공연,뮤지컬,할인티켓,[서울]전래동화 음악교육극<해와 달이 된 오누이>,엔씨컴퍼니,2019-04-06~2019-05-03,한국방송회관 코바코홀
134,2019-04-01,서울,공연,연극,무료티켓,[서울]부활절기념공연 음악극<예슈아>(객석나눔),(주)씨어터오,2019-04-08~2019-04-14,CTS아트홀
135,2019-04-02,서울,공연,연극,무료티켓,[서울]햄릿(객석나눔),극단 떼아뜨르 봄날,2019-04-10~2019-04-21,대학로 나온씨어터
136,2019-04-02,서울,공연,연극,할인티켓,[서울]햄릿,극단 떼아뜨르 봄날,2019-04-10~2019-04-21,대학로 나온씨어터
137,2019-04-05,서울,공연,연극,무료티켓,[서울]연극<해를 쏜 소년>(객석나눔),팀플레이예술기획(주),2019-04-10~2019-04-21,예그린씨어터
138,2019-04-05,서울,공연,연극,할인티켓,[서울]연극<해를 쏜 소년>,팀플레이예술기획(주),2019-04-10~2019-04-21,예그린씨어터
139,2019-03-20,서울,공연,국악,무료티켓,[서울]국립국악원 창작악단 제97회 정기연주회<그날>(객석나눔),국립국악원,2019-04-12~2019-04-12,국립국악원 예악당
140,2019-03-28,서울,공연,국악,할인티켓,[서울]Sensation - 감각의발견 : Space in space,서울남산국악당((주)쥬스컴퍼니),2019-04-12~2019-04-13,서울남산국악당 크라운해태홀
141,2019-03-28,부산,공연,국악,무료티켓,[부산]2019 국립부산국악원 부산근현대사 기획공연 국악극<대청여관>(객석나눔),국립부산국악원,2019-04-12~2019-04-14,국립부산국악원 예지당(소극장)
142,2019-03-27,부산,공연,연극,무료티켓,[부산]2019 셀러브리티 로코연극<러브액츄얼리 오리지날 시즌2>(객석나눔),주식회사플레이더부산,2019-04-12~2019-05-26,부산메트로홀(구AN아트홀RED)
143,2019-03-27,부산,공연,연극,할인티켓,[부산]2019 셀러브리티 로코연극<러브액츄얼리 오리지날 시즌2>,주식회사플레이더부산,2019-04-12~2019-05-26,부산메트로홀(구AN아트홀RED)
144,2019-03-07,부산,공연,뮤지컬,할인티켓,[부산]비보이를 사랑한 발레리나,주식회사 조은라인,2019-04-13~2019-04-13,KBS부산홀
145,2019-03-19,서울,공연,클래식,무료티켓,[서울]오아미 첼로 독주회(객석나눔),예인예술기획,2019-04-13~2019-04-13,영산아트홀
146,2019-03-21,대구,공연,콘서트,할인티켓,"[대구]2019 ‘만9,900원의 행복’ 이현우 콘서트 - 대구",(주)늘픔이엔티,2019-04-13~2019-04-13,경북대학교 대강당(대구)
147,2019-03-21,전북,공연,콘서트,할인티켓,"[전북]2018-9 ‘만9,900원의 행복’ 서영은 콘서트<시즌3> - 군산",(주)늘픔이엔티,2019-04-13~2019-04-13,군산예술의전당 대공연장
148,2019-03-21,서울,공연,아동극,무료티켓,[서울]2019 어린이율동놀이뮤지컬<호비쇼> - 서대문(객석나눔),(주)화랑엔터테인먼트,2019-04-13~2019-04-14,서대문문화체육회관 대극장
149,2019-03-21,서울,공연,아동극,할인티켓,[서울]2019 어린이율동놀이뮤지컬<호비쇼> - 서대문,(주)화랑엔터테인먼트,2019-04-13~2019-04-14,서대문문화체육회관 대극장
150,2019-04-03,서울,공연,연극,무료티켓,[서울]7번국도(객석나눔),(재)서울문화재단 남산예술센터,2019-04-17~2019-04-28,남산예술센터 드라마센터
151,2019-03-18,서울,공연,클래식,무료티켓,[서울]바이올리니스트 이성주의 보헤미안 스케치Ⅰ(객석나눔),(주)스테이지원,2019-04-18~2019-04-18,예술의전당 IBK챔버홀
152,2019-03-18,서울,공연,클래식,할인티켓,[서울]바이올리니스트 이성주의 보헤미안 스케치Ⅰ,(주)스테이지원,2019-04-18~2019-04-18,예술의전당 IBK챔버홀
153,2019-04-03,경기,공연,클래식,무료티켓,[경기]제30회 매일클래식 - 안성(객석나눔),(주)컬쳐비즈글로벌,2019-04-18~2019-04-18,안성맞춤아트홀 대공연장
154,2019-03-18,서울,공연,클래식,무료티켓,[서울]바이올리니스트 이성주의 보헤미안 스케치Ⅱ(객석나눔),(주)스테이지원,2019-04-19~2019-04-19,예술의전당 IBK챔버홀
155,2019-03-18,서울,공연,클래식,할인티켓,[서울]바이올리니스트 이성주의 보헤미안 스케치Ⅱ,(주)스테이지원,2019-04-19~2019-04-19,예술의전당 IBK챔버홀
156,2019-03-28,서울,공연,국악,할인티켓,[서울]박우재 거문고하기,서울남산국악당((주)쥬스컴퍼니),2019-04-19~2019-04-20,서울남산국악당 크라운해태홀
157,2019-04-16,서울,공연,전통,무료티켓,[서울]박우재 거문고하기(객석나눔),서울남산국악당((주)쥬스컴퍼니),2019-04-19~2019-04-20,서울남산국악당 크라운해태홀
158,2019-04-03,인천,공연,연극,무료티켓,[인천]부평아트센터 연극<진실X거짓>(객석나눔),(재)인천광역시부평구문화재단,2019-04-20~2019-04-20,부평아트센터 달누리극장
159,2019-04-03,인천,공연,클래식,무료티켓,[인천]제30회 매일클래식 - 인천(객석나눔),(주)컬쳐비즈글로벌,2019-04-20~2019-04-20,아트센터인천 콘서트홀
160,2019-03-18,부산,공연,아동극,무료티켓,[부산]가족뮤지컬<백설공주 미미 - 숲속오두막>(객석나눔),(주)화랑엔터테인먼트,2019-04-20~2019-04-21,KBS부산홀
161,2019-03-18,부산,공연,아동극,할인티켓,[부산]가족뮤지컬<백설공주 미미 - 숲속오두막>,(주)화랑엔터테인먼트,2019-04-20~2019-04-21,KBS부산홀
162,2019-03-21,대전,공연,아동극,무료티켓,[대전]2019 어린이율동놀이뮤지컬<호비쇼> - 대전(객석나눔),(주)화랑엔터테인먼트,2019-04-20~2019-04-21,대전 평송청소년문화센터 대극장
163,2019-03-21,대전,공연,아동극,할인티켓,[대전]2019 어린이율동놀이뮤지컬<호비쇼> - 대전,(주)화랑엔터테인먼트,2019-04-20~2019-04-21,대전 평송청소년문화센터 대극장
164,2019-04-16,서울,공연,연극,무료티켓,[서울]과학연극<리와인드>(객석나눔),(재)한국과학창의재단,2019-04-20~2019-04-23,대학로 민송아트홀
165,2019-03-19,경기,공연,뮤지컬,할인티켓,[경기]THE NEW 뮤지컬<생각나라 과자집 - 다시쓰는 헨젤과 그레텔>,주식회사 에이엠컬처(AM Culture),2019-04-20~2019-06-09,한국잡월드 나래울극장
166,2019-03-27,서울,공연,클래식,무료티켓,[서울]메조소프라노 권세연 독창회(객석나눔),예인예술기획,2019-04-24~2019-04-24,금호아트홀
167,2019-04-04,인천,공연,클래식,무료티켓,[인천]박상원과 함께하는 브런치 콘서트 - 안나 카레니나와 마담 보바리가 들려주는 유혹에 지지 않는 법(객석나눔),(재)인천광역시부평구문화재단,2019-04-25~2019-04-25,부평아트센터 해누리극장
168,2019-04-04,서울,공연,발레/무용,무료티켓,[서울]국립무용단 안무가 육성 프로젝트<넥스트 스텝Ⅱ>(객석나눔),국립중앙극장,2019-04-25~2019-04-27,국립극장 달오름극장
169,2019-03-28,서울,공연,국악,할인티켓,[서울]국악창작그룹'뮤르'<달달콘서트>,서울남산국악당((주)쥬스컴퍼니),2019-04-26~2019-04-27,서울남산국악당 크라운해태홀
170,2019-04-05,서울,공연,전통,무료티켓,[서울]민속악단 창단40주년 기념공연<혹 되지 아니하다>(객석나눔),국립국악원,2019-04-26~2019-04-27,국립국악원 예악당
171,2019-04-15,대전,공연,연극,할인티켓,[대전]휴먼 코메디 연극<무림의 고수>,아트컴퍼니 제로,2019-04-26~2019-05-12,소극장 커튼콜
172,2019-04-23,서울,공연,아동극,무료티켓,[서울]뮤지컬<요괴메카드 - 렛츠고! 요괴탐험대!>(객석나눔),(주)하쿠나마타타,2019-04-26~2019-05-15,올림픽공원 우리금융아트홀
173,2019-04-23,서울,공연,아동극,할인티켓,[서울]뮤지컬<요괴메카드 - 렛츠고! 요괴탐험대!>,(주)하쿠나마타타,2019-04-26~2019-05-15,올림픽공원 우리금융아트홀
174,2019-03-25,부산,공연,뮤지컬,무료티켓,[부산]뮤지컬<마흔즈음에> - 김광석을 노래하다(객석나눔),(주)화랑엔터테인먼트,2019-04-27~2019-04-27,KBS부산홀
175,2019-03-25,부산,공연,뮤지컬,할인티켓,[부산]뮤지컬<마흔즈음에> - 김광석을 노래하다,(주)화랑엔터테인먼트,2019-04-27~2019-04-27,KBS부산홀
176,2019-04-03,경기,공연,클래식,무료티켓,[경기]제30회 매일클래식 - 수원(객석나눔),(주)컬쳐비즈글로벌,2019-04-27~2019-04-27,수원SK아트리움 대공연장
177,2019-04-15,경기,공연,뮤지컬,무료티켓,[경기]국내 최대 익스트림 퍼포먼스 가족뮤직컬<플라잉> - 고양(객석나눔),(재)고양문화재단(어울림누리),2019-04-27~2019-04-27,고양어울림누리 어울림극장
178,2019-04-15,경기,공연,뮤지컬,할인티켓,[경기]국내 최대 익스트림 퍼포먼스 가족뮤직컬<플라잉> - 고양,(재)고양문화재단(어울림누리),2019-04-27~2019-04-27,고양어울림누리 어울림극장
179,2019-04-24,서울,공연,클래식,할인티켓,[서울]카마라타 합창 브람스 레퀴엠,카마라타뮤직컴퍼니,2019-04-27~2019-04-27,남서울교회
180,2019-03-21,경북,공연,아동극,무료티켓,[경북]2019 어린이율동놀이뮤지컬<호비쇼> - 포항(객석나눔),(주)화랑엔터테인먼트,2019-04-27~2019-04-28,포항문화예술회관 소공연장
181,2019-03-21,경북,공연,아동극,할인티켓,[경북]2019 어린이율동놀이뮤지컬<호비쇼> - 포항,(주)화랑엔터테인먼트,2019-04-27~2019-04-28,포항문화예술회관 소공연장
182,2019-04-23,경기,공연,콘서트,무료티켓,[경기]2019 최현우 THE BRAIN - 성남(객석나눔),라이브아트,2019-04-27~2019-04-28,성남아트센터 오페라하우스
183,2019-04-25,경기,공연,콘서트,무료티켓,[경기]<2019 최현우 THE BRAIN> - 성남(객석나눔),주식회사 이디엔터테인먼트,2019-04-27~2019-04-28,성남아트센터 오페라하우스
184,2019-04-12,경기,공연,뮤지컬,무료티켓,[경기]디스이즈잇(THIS IS IT) - 과천(객석나눔),디스이즈잇,2019-04-27~2019-05-25,국립과천과학관 어울림홀
185,2019-03-28,서울,공연,아동극,할인티켓,[서울]국악뮤지컬<신나는 빨강모자와 친구들>,서울남산국악당((주)쥬스컴퍼니),2019-04-30~2019-05-01,서울남산국악당 크라운해태홀
186,2019-04-11,서울,공연,연극,무료티켓,[서울]존버(객석나눔),플레이몽,2019-04-30~2019-05-06,R＆J 씨어터(구.연진아트홀)
187,2019-04-11,서울,공연,아동극,무료티켓,[서울]북극곰 예술여행(객석나눔),플레이몽,2019-04-30~2019-05-06,R＆J 씨어터(구.연진아트홀)
188,2019-04-22,서울,공연,뮤지컬,무료티켓,[서울]어린이 과학 뮤지컬<우리 동네 도깨비>(객석나눔),(재)구로문화재단,2019-05-01~2019-05-06,구로아트밸리 예술극장
189,2019-04-24,서울,공연,퍼포먼스,할인티켓,[서울]비보이뮤지컬<쿵 시즌3 - 드리머>,에스제이비보이즈(주),2019-05-01~2019-08-27,비보이전용극장 에스제이비보이즈
190,2019-04-26,서울,공연,클래식,무료티켓,[서울]국립합창단 제178회 정기연주회<스트라빈스키 시편 교향곡>(객석나눔),(재)국립합창단,2019-05-02~2019-05-02,예술의전당 콘서트홀
191,2019-04-26,인천,공연,아동극,무료티켓,[인천]부평아트센터 노래가 있는 인형극<꽃 피우는 아이>(객석나눔),(재)인천광역시부평구문화재단,2019-05-02~2019-05-02,부평아트센터 달누리극장
192,2019-04-24,서울,공연,국악,무료티켓,[서울]국립국악관현악단 어린이 음악회<엔통이의 동요나라>(객석나눔),국립중앙극장,2019-05-02~2019-05-09,국립극장 하늘극장
193,2019-03-26,제주,공연,연극,할인티켓,[제주]부모님께 드리는 감동선물 연극<늙은부부이야기>,아이짬 컴퍼니,2019-05-02~2019-06-02,제주 세이레아트센터
194,2019-04-04,서울,공연,클래식,무료티켓,[서울]김희성 파이프 오르간 독주회(객석나눔),(주)스테이지원,2019-05-03~2019-05-03,이화여자대학교 김영의홀
195,2019-04-04,서울,공연,클래식,할인티켓,[서울]김희성 파이프 오르간 독주회,(주)스테이지원,2019-05-03~2019-05-03,이화여자대학교 김영의홀
196,2019-04-29,서울,공연,클래식,무료티켓,[서울]김레다＆노경아 듀오연주회 - 동심으로 떠나는 음악여행(객석나눔),화선,2019-05-03~2019-05-03,꿈의숲아트센터 콘서트홀
197,2019-04-19,서울,공연,연극,무료티켓,[서울]LEND ME A TENOR(렌드미어 테너)(객석나눔),이매진디아츠팩토리,2019-05-03~2019-08-11,대학로 굿씨어터
198,2019-04-19,서울,공연,연극,할인티켓,[서울]LEND ME A TENOR(렌드미어 테너),이매진디아츠팩토리,2019-05-03~2019-08-11,대학로 굿씨어터
199,2019-04-04,대전,공연,뮤지컬,무료티켓,[대전]뮤지컬<마흔즈음에> - 김광석을 노래하다(객석나눔),(주)화랑엔터테인먼트,2019-05-04~2019-05-04,한밭대학교 아트홀(구.한밭대학교문화예술관하모니홀)
200,2019-04-04,대전,공연,뮤지컬,할인티켓,[대전]뮤지컬<마흔즈음에> - 김광석을 노래하다,(주)화랑엔터테인먼트,2019-05-04~2019-05-04,한밭대학교 아트홀(구.한밭대학교문화예술관하모니홀)
201,2019-05-02,서울,공연,콘서트,무료티켓,[서울]최항석과 부기몬스터 단독 공연(객석나눔),한국블루스소사이어티(구),2019-05-04~2019-05-04,홍대 롤링홀 
202,2019-04-03,부산,공연,아동극,무료티켓,[부산]2019 어린이율동놀이뮤지컬<호비쇼> - 부산(객석나눔),(주)화랑엔터테인먼트,2019-05-04~2019-05-05,부산시민회관 소극장
203,2019-04-03,부산,공연,아동극,할인티켓,[부산]2019 어린이율동놀이뮤지컬<호비쇼> - 부산,(주)화랑엔터테인먼트,2019-05-04~2019-05-05,부산시민회관 소극장
204,2019-03-26,제주,공연,아동극,할인티켓,[제주]5월 가정의 달 특집 인형극<흉내쟁이 호랑이>,아이짬 컴퍼니,2019-05-04~2019-06-02,제주 세이레아트센터
205,2019-04-04,서울,공연,콘서트,할인티켓,"[서울]컬러오브스테이지 - 손태진, 박상돈, 허각, 스탠딩에그",(주)케이엔마스터엔터테인먼트,2019-05-06~2019-05-06,블루스퀘어 아이마켓홀
206,2019-04-05,서울,공연,아동극,할인티켓,[서울]가족뮤지컬<프린세스마리>,엔씨컴퍼니,2019-05-06~2019-06-16,한국방송회관 코바코홀
207,2019-04-29,서울,공연,연극,할인티켓,[서울]Y페스티벌<오딧세우스>,극단여행자,2019-05-09~2019-05-12,여행자극장
208,2019-04-15,부산,공연,클래식,무료티켓,"[부산]<제68회 을숙도 명품콘서트> - 말러, 죽음에서 희망으로(객석나눔)",을숙도문화회관,2019-05-10~2019-05-10,을숙도문화회관 대공연장 (부산)
209,2019-04-18,대구,공연,뮤지컬,할인티켓,[대구]뮤지컬<신흥무관학교>,(주)에스제이이엔티,2019-05-10~2019-05-12,수성아트피아 용지홀
210,2019-05-08,대구,공연,뮤지컬,무료티켓,[대구]뮤지컬<신흥무관학교>(객석나눔),(주)에스제이이엔티,2019-05-10~2019-05-12,수성아트피아 용지홀
211,2019-04-26,경북,공연,콘서트,할인티켓,"[경북]2018-9 '만9,900원의 행복' 서영은 콘서트<시즌3> - 경주",(주)늘픔이엔티,2019-05-11~2019-05-11,경주예술의전당 대공연장
212,2019-04-12,서울,공연,아동극,무료티켓,[서울]2019 어린이율동놀이뮤지컬<호비쇼> - 영등포(객석나눔),(주)화랑엔터테인먼트,2019-05-11~2019-05-12,영등포 아트홀
213,2019-04-12,서울,공연,아동극,할인티켓,[서울]2019 어린이율동놀이뮤지컬<호비쇼> - 영등포,(주)화랑엔터테인먼트,2019-05-11~2019-05-12,영등포 아트홀
214,2019-04-17,경기,공연,아동극,무료티켓,"[경기]판타지음악인형극<안녕, 도깨비> - 고양(객석나눔)",(재)고양문화재단(어울림누리),2019-05-11~2019-05-12,고양어울림누리 별모래극장
215,2019-04-17,경기,공연,아동극,할인티켓,"[경기]판타지음악인형극<안녕, 도깨비> - 고양",(재)고양문화재단(어울림누리),2019-05-11~2019-05-12,고양어울림누리 별모래극장
216,2019-05-08,서울,공연,연극,무료티켓,[서울]나는 살인자입니다(객석나눔),(재)국립극단,2019-05-11~2019-05-17,백성희장민호극장
217,2019-05-07,서울,공연,연극,무료티켓,[서울]명왕성에서(객석나눔),(재)서울문화재단 남산예술센터,2019-05-15~2019-05-26,남산예술센터 드라마센터
218,2019-04-29,서울,공연,연극,할인티켓,[서울]Y페스티벌<배따라기/동백꽃>,극단여행자,2019-05-16~2019-05-19,여행자극장
219,2019-05-15,서울,공연,연극,무료티켓,[서울]연극<달빛 크로키>(객석나눔),으랏차차스토리,2019-05-16~2019-06-30,대학로 세우아트센터 2관
220,2019-05-07,대전,공연,연극,할인티켓,[대전]휴먼코메디<장남>,아트컴퍼니 제로,2019-05-17~2019-05-26,소극장 커튼콜
221,2019-05-03,경기,공연,아동극,무료티켓,[경기]아동극<행복한 왕자> - 과천(객석나눔),과천시시설관리공단,2019-05-18~2019-05-18,과천시민회관 소극장
222,2019-04-12,울산,공연,아동극,무료티켓,[울산]2019 어린이율동놀이뮤지컬<호비쇼> - 울산(객석나눔),(주)화랑엔터테인먼트,2019-05-18~2019-05-19,울산북구문화예술회관
223,2019-04-12,울산,공연,아동극,할인티켓,[울산]2019 어린이율동놀이뮤지컬<호비쇼> - 울산,(주)화랑엔터테인먼트,2019-05-18~2019-05-19,울산북구문화예술회관
224,2019-05-09,충남,공연,퍼포먼스,무료티켓,[충남]2019 최현우 THE BRAIN - 천안(객석나눔),주식회사 이디엔터테인먼트,2019-05-18~2019-05-19,천안예술의전당 대공연장
225,2019-05-02,광주,공연,퍼포먼스,할인티켓,[광주]2019 동춘서커스,유한회사 와이투이엔티,2019-05-19~2019-05-19,광주문화예술회관 대극장
226,2019-05-08,인천,공연,클래식,무료티켓,[인천]박상원과 함께하는 브런치 콘서트 -  나는 누구인가? 리어왕이 묻고 아큐가 답한다(객석나눔),(재)인천광역시부평구문화재단,2019-05-23~2019-05-23,부평아트센터 해누리극장
227,2019-05-10,서울,공연,클래식,무료티켓,[서울]코리안심포니오케스트라 213회 정기연주회 - Nostalgia(객석나눔),(재)코리안심포니오케스트라,2019-05-23~2019-05-23,예술의전당 콘서트홀
228,2019-05-16,서울,공연,연극,할인티켓,[서울]Y페스티벌<박씨전>,극단여행자,2019-05-23~2019-05-26,여행자극장
229,2019-05-03,서울,공연,국악,무료티켓,[서울]음악으로 만나다(객석나눔),국립국악원,2019-05-24~2019-05-25,국립국악원 예악당
230,2019-03-25,울산,공연,뮤지컬,무료티켓,[울산]뮤지컬<마흔즈음에> - 김광석을 노래하다(객석나눔),(주)화랑엔터테인먼트,2019-05-25~2019-05-25,KBS울산홀
231,2019-03-25,울산,공연,뮤지컬,할인티켓,[울산]뮤지컬<마흔즈음에> - 김광석을 노래하다,(주)화랑엔터테인먼트,2019-05-25~2019-05-25,KBS울산홀
232,2019-04-25,경기,공연,아동극,무료티켓,[경기]체코 마리오네트 인형극<더우든 서커스>(객석나눔),(재)고양문화재단(어울림누리),2019-05-25~2019-05-25,고양어울림누리 별모래극장
233,2019-04-25,경기,공연,아동극,할인티켓,[경기]체코 마리오네트 인형극<더우든 서커스>,(재)고양문화재단(어울림누리),2019-05-25~2019-05-25,고양어울림누리 별모래극장
234,2019-04-24,전북,공연,아동극,무료티켓,[전북]2019 어린이율동놀이뮤지컬<호비쇼> - 전주(객석나눔),(주)화랑엔터테인먼트,2019-05-25~2019-05-26,전주 덕진예술회관
235,2019-04-24,전북,공연,아동극,할인티켓,[전북]2019 어린이율동놀이뮤지컬<호비쇼> - 전주,(주)화랑엔터테인먼트,2019-05-25~2019-05-26,전주 덕진예술회관
236,2019-05-14,경북,공연,콘서트,무료티켓,"[경북]2018-9 '만9,900원의 행복' 서영은 콘서트<시즌3> - 안동",(주)늘픔이엔티,2019-05-26~2019-05-26,안동문화예술의전당 웅부홀
237,2019-05-23,서울,공연,연극,무료티켓,[서울]고도를 기다리며(객석나눔),(재)국립극단,2019-05-30~2019-05-30,명동예술극장
238,2019-05-16,서울,공연,연극,할인티켓,[서울]Y페스티벌<라쇼몽>,극단여행자,2019-05-30~2019-06-02,여행자극장
239,2019-05-22,대구,공연,뮤지컬,무료티켓,[대구]뮤지컬<그날들>(객석나눔),(주)에스제이이엔티,2019-05-31~2019-06-02,계명아트센터
240,2019-05-27,서울,공연,연극,무료티켓,[서울]뼈의 기행(객석나눔),(재)국립극단,2019-05-31~2019-06-07,백성희장민호극장
241,2019-05-03,경기,공연,아동극,무료티켓,[경기]2019 어린이율동놀이뮤지컬<호비쇼> - 과천(객석나눔),(주)화랑엔터테인먼트,2019-06-01~2019-06-01,과천시민회관 소극장
242,2019-05-03,경기,공연,아동극,할인티켓,[경기]2019 어린이율동놀이뮤지컬<호비쇼> - 과천,(주)화랑엔터테인먼트,2019-06-01~2019-06-01,과천시민회관 소극장
243,2019-05-16,서울,공연,연극,무료티켓,[서울]공포 심리 미스터리 연극<흉터>(객석나눔),주식회사 대학로발전소,2019-06-01~2019-07-31,미마지아트센터 풀빛극장
244,2019-05-15,서울,공연,클래식,무료티켓,[서울]제73회 서울오라토리오 정기연주회<멘델스존 엘리야>(객석나눔),서울오라토리오,2019-06-02~2019-06-02,예술의전당 콘서트홀
245,2019-05-24,서울,공연,연극,무료티켓,[서울]청소년극<영지>(객석나눔),(재)국립극단,2019-06-03~2019-06-03,국립극단 소극장 판
246,2019-05-13,서울,공연,클래식,무료티켓,[서울]서울모테트합창단 창단 30주년 기념 마스터피스 시리즈 Ⅳ - 바흐의 세속 칸타타(객석나눔),재단법인 서울모테트음악재단,2019-06-04~2019-06-04,예술의전당 콘서트홀
247,2019-05-13,서울,공연,클래식,할인티켓,[서울]서울모테트합창단 창단 30주년 기념 마스터피스 시리즈 Ⅳ - 바흐의 세속 칸타타,재단법인 서울모테트음악재단,2019-06-04~2019-06-04,예술의전당 콘서트홀
248,2019-05-23,부산,공연,연극,무료티켓,[부산]2019 강력하게 돌아온 심리스릴러 연극<새빨간거짓말>(객석나눔),주식회사플레이더부산,2019-06-06~2019-09-01,부산메트로홀(구AN아트홀RED)
249,2019-05-23,부산,공연,연극,할인티켓,[부산]2019 강력하게 돌아온 심리스릴러 연극<새빨간거짓말>,주식회사플레이더부산,2019-06-06~2019-09-01,부산메트로홀(구AN아트홀RED)
250,2019-05-29,서울,공연,연극,무료티켓,[서울]연극<굴레방다리의 소극>(객석나눔),(주)씨어터오,2019-06-07~2019-07-14,예그린씨어터
251,2019-06-05,서울,공연,콘서트,무료티켓,[서울]BKB 콘서트(객석나눔),한국블루스소사이어티(구),2019-06-08~2019-06-08,코리아블루스씨어터
252,2019-05-09,경기,공연,아동극,무료티켓,[경기]2019 어린이율동놀이뮤지컬<호비쇼> - 부천(객석나눔),(주)화랑엔터테인먼트,2019-06-08~2019-06-09,오정아트홀
253,2019-05-09,경기,공연,아동극,할인티켓,[경기]2019 어린이율동놀이뮤지컬<호비쇼> - 부천,(주)화랑엔터테인먼트,2019-06-08~2019-06-09,오정아트홀
254,2019-06-05,서울,공연,전통,무료티켓,[서울]국립창극단<심청가>(객석나눔),국립중앙극장,2019-06-11~2019-06-14,국립극장 달오름극장
255,2019-05-14,대전,공연,연극,할인티켓,[대전]연극<공원벤치가 견뎌야하는 상실의 무게>,아트컴퍼니 제로,2019-06-12~2019-06-22,소극장 커튼콜
256,2019-05-28,서울,공연,연극,무료티켓,[서울]최후만찬(객석나눔),플레이몽,2019-06-13~2019-06-18,대학로예술극장 소극장
257,2019-05-22,서울,공연,클래식,무료티켓,[서울]코리안 솔로이스츠 정기연주회(객석나눔),코리안 솔로이스츠(Korean Soloists),2019-06-14~2019-06-14,예술의전당 IBK챔버홀
258,2019-05-30,서울,공연,연극,무료티켓,[서울]콘센트-동의(객석나눔),(재)국립극단,2019-06-14~2019-07-07,명동예술극장
259,2019-05-10,경북,공연,퍼포먼스,무료티켓,[경북]더 쉐도우(객석나눔),재단법인 포항문화재단,2019-06-15~2019-06-15,포항문화예술회관 대공연장
260,2019-05-21,인천,공연,아동극,무료티켓,[인천]스테이지149-어린이명작무대 1 <위험한 실험실B-123>(객석나눔),인천광역시문화예술회관,2019-06-15~2019-06-15,인천문화예술회관 소공연장
261,2019-05-27,부산,공연,클래식,무료티켓,[부산]<제69회 을숙도 명품콘서트> - 임지영＆매슈 리프먼 듀오 리사이틀(객석나눔),을숙도문화회관,2019-06-15~2019-06-15,을숙도문화회관 대공연장
262,2019-05-30,서울,공연,클래식,무료티켓,[서울]제8회 아카데미 열정과 나눔 정기연주회(객석나눔),예인예술기획,2019-06-15~2019-06-15,예술의전당 IBK챔버홀
263,2019-06-04,전남,공연,콘서트,할인티켓,[전남]이미자 노래인생 60년 기념 음악회 - 광양,(주)그린엔터테인먼트,2019-06-15~2019-06-15,포스코 광양 백운아트홀
264,2019-06-07,서울,공연,콘서트,무료티켓,[서울]리치맨트리오 콘서트(객석나눔),한국블루스소사이어티(구),2019-06-15~2019-06-15,코리아블루스씨어터
265,2019-06-10,부산,공연,콘서트,할인티켓,"[부산]2019 ‘만9,900원의 행복’ 이현우 콘서트",(주)늘픔이엔티,2019-06-15~2019-06-15,KBS부산홀
266,2019-06-13,전남,공연,콘서트,무료티켓,[전남]이미자 노래인생 60년 기념 음악회 - 광양(객석나눔),(주)그린엔터테인먼트,2019-06-15~2019-06-15,포스코 광양 백운아트홀
267,2019-05-17,대구,공연,아동극,무료티켓,[대구]2019 어린이율동놀이뮤지컬<호비쇼>(객석나눔),(주)화랑엔터테인먼트,2019-06-15~2019-06-16,어린이회관 꾀꼬리극장
268,2019-05-17,대구,공연,아동극,할인티켓,[대구]2019 어린이율동놀이뮤지컬<호비쇼>,(주)화랑엔터테인먼트,2019-06-15~2019-06-16,어린이회관 꾀꼬리극장
269,2019-05-28,서울,공연,연극,무료티켓,"[서울]안녕, 말판씨(객석나눔)",이매진디아츠팩토리,2019-06-17~2019-07-30,대학로 더굿씨어터
270,2019-05-28,서울,공연,연극,할인티켓,"[서울]안녕, 말판씨",이매진디아츠팩토리,2019-06-17~2019-07-30,대학로 더굿씨어터
271,2019-05-29,인천,공연,클래식,무료티켓,[인천]바르샤바 필하모닉 챔버 오케스트라(객석나눔),인천광역시문화예술회관,2019-06-18~2019-06-18,인천문화예술회관 대공연장
272,2019-05-10,서울,공연,아동극,할인티켓,[서울]베스트셀러 어린이뮤지컬 <피터래빗>,엔씨컴퍼니,2019-06-18~2019-07-28,한국방송회관 코바코홀
273,2019-06-04,인천,공연,발레/무용,무료티켓,[인천]2019 커피콘서트Ⅳ<인천시립무용단 '춤 담은 자리'>(객석나눔),인천광역시문화예술회관,2019-06-19~2019-06-19,인천문화예술회관 소공연장
274,2019-06-04,인천,공연,발레/무용,할인티켓,[인천]2019 커피콘서트Ⅳ<인천시립무용단 '춤 담은 자리'>,인천광역시문화예술회관,2019-06-19~2019-06-19,인천문화예술회관 소공연장
275,2019-06-13,서울,공연,기타,무료티켓,[서울]특별강연<한국영화 속 로맨스 1950~60년>(객석나눔),서초문화원,2019-06-19~2019-06-19,서초문화예술회관 아트홀
276,2019-05-27,서울,공연,연극,무료티켓,[서울]나팔봉(객석나눔),창작집단상상두목,2019-06-20~2019-06-30,동양예술극장 3관
277,2019-05-27,서울,공연,연극,할인티켓,[서울]나팔봉,창작집단상상두목,2019-06-20~2019-06-30,동양예술극장 3관
278,2019-06-07,인천,공연,클래식,무료티켓,[인천]부평아트센터 우수클래식<앙상블 디토 리사이틀>(객석나눔),(재)인천광역시부평구문화재단,2019-06-21~2019-06-21,부평아트센터 해누리극장
279,2019-06-19,서울,공연,콘서트,무료티켓,[서울]탐블루스밴드 콘서트(객석나눔),한국블루스소사이어티,2019-06-21~2019-06-21,코리아블루스씨어터
280,2019-06-19,서울,공연,연극,무료티켓,[서울]호모루덴스마임컴퍼니 20주년 기념공연 - 2K(객석나눔),컬처버스,2019-06-21~2019-06-22,서강대학교 메리홀 대극장
281,2019-06-18,서울,공연,뮤지컬,무료티켓,[서울]창작가무극<신과함께 - 이승편>(객석나눔),(재)서울예술단,2019-06-21~2019-06-23,LG아트센터
282,2019-06-10,경남,공연,콘서트,할인티켓,"[경남]2019 ‘만9,900원의 행복’ 이현우 콘서트 - 창원",(주)늘픔이엔티,2019-06-22~2019-06-22,KBS창원홀
283,2019-06-17,충북,공연,콘서트,할인티켓,"[충북]2018-9 '만9,900원의 행복' 서영은 콘서트<시즌3> - 청주",(주)늘픔이엔티,2019-06-22~2019-06-22,청주 CJB 미디어센터 에덴아트홀
284,2019-05-24,경기,공연,아동극,무료티켓,[경기]2019 어린이율동놀이뮤지컬<호비쇼> - 용인(객석나눔),(주)화랑엔터테인먼트,2019-06-22~2019-06-23,용인문예회관 처인홀
285,2019-05-24,경기,공연,아동극,할인티켓,[경기]2019 어린이율동놀이뮤지컬<호비쇼> - 용인,(주)화랑엔터테인먼트,2019-06-22~2019-06-23,용인문예회관 처인홀
286,2019-06-12,부산,공연,콘서트,할인티켓,[부산]2019 먼데이키즈 전국투어콘서트 <발라드맛집>,주식회사 조은라인,2019-06-23~2019-06-23,KBS부산홀
287,2019-06-19,서울,공연,뮤지컬,무료티켓,[서울]뮤지컬<안나 카레니나>(객석나눔),(주)인터파크씨어터,2019-06-25~2019-06-27,블루스퀘어 인터파크홀
288,2019-06-05,서울,공연,기타,무료티켓,[서울]화합과 평화를 위한 연주회<영랑의 모란이 피기까지는>(객석나눔),(재)국립합창단,2019-06-26~2019-06-26,예술의전당 콘서트홀
289,2019-06-11,서울,공연,국악,무료티켓,[서울]국립국악관현악단 정오의 음악회 - 6월(객석나눔),국립중앙극장,2019-06-26~2019-06-26,국립극장 하늘극장
290,2019-06-13,서울,공연,기타,무료티켓,[서울]특별강연<위대한 청춘 70년>(객석나눔),서초문화원,2019-06-26~2019-06-26,서초문화예술회관 아트홀
291,2019-06-10,서울,공연,연극,무료티켓,[서울]묵적지수(객석나눔),(재)서울문화재단 남산예술센터,2019-06-26~2019-07-05,남산예술센터 드라마센터
292,2019-06-11,인천,공연,클래식,무료티켓,[인천]박상원과 함께하는 브런치 콘서트 - 내 인생의 다시 봄! 조르바와 춤추고 돈키호테와 모험하라!(객석나눔),(재)인천광역시부평구문화재단,2019-06-27~2019-06-27,부평아트센터 해누리극장
293,2019-06-26,부산,공연,연극,할인티켓,[부산]국민연극<라이어 1탄> - in KNN시어터,(주)디오르골씨어터컴퍼니,2019-06-27~2019-09-01,KNN시어터
294,2019-06-17,서울,공연,콘서트,할인티켓,"[서울]2018-9 '만9,900원의 행복' 서영은 콘서트<시즌3>",(주)늘픔이엔티,2019-06-28~2019-06-29,올림픽공원 우리금융아트홀
295,2019-06-21,서울,공연,오페라,무료티켓,[서울]오페라<돈 조반니>(객석나눔),(재)구로문화재단,2019-06-28~2019-06-29,구로아트밸리 예술극장
296,2019-06-10,대전,공연,콘서트,할인티켓,"[대전]2019 ‘만9,900원의 행복’ 이현우 콘서트",(주)늘픔이엔티,2019-06-29~2019-06-29,충남대학교 정심화홀
297,2019-06-12,경북,공연,콘서트,할인티켓,[대구]2019 먼데이키즈 전국투어콘서트 <발라드맛집>,주식회사 조은라인,2019-06-29~2019-06-29,영남대학교 천마아트센터 그랜드홀 
298,2019-05-31,광주,공연,아동극,무료티켓,[광주]2019 어린이율동놀이뮤지컬<호비쇼>(객석나눔),(주)화랑엔터테인먼트,2019-06-29~2019-06-30,광주 5.18 기념문화센터 민주홀
299,2019-05-31,광주,공연,아동극,할인티켓,[광주]2019 어린이율동놀이뮤지컬<호비쇼>,(주)화랑엔터테인먼트,2019-06-29~2019-06-30,광주 5.18 기념문화센터 민주홀
300,2019-06-19,서울,공연,발레/무용,무료티켓,[서울]국립무용단<묵향>(객석나눔),국립중앙극장,2019-06-29~2019-06-30,예술의전당 오페라극장
301,2019-06-14,서울,공연,연극,무료티켓,[서울]<죽어야 사는 남자>(객석나눔),위로팩토리,2019-06-29~2019-08-31,대학로 업스테이지(UP STAGE)
302,2019-06-14,서울,공연,연극,할인티켓,[서울]<죽어야 사는 남자>,위로팩토리,2019-06-29~2019-08-31,대학로 업스테이지(UP STAGE)
303,2019-06-03,서울,공연,클래식,무료티켓,[서울]김기량 피아노 독주회(객석나눔),가온클래식,2019-07-02~2019-07-02,금호아트홀 연세
304,2019-06-03,서울,공연,클래식,할인티켓,[서울]김기량 피아노 독주회,가온클래식,2019-07-02~2019-07-02,금호아트홀 연세
305,2019-06-24,서울,공연,연극,무료티켓,[서울]헬! 스파르타 연극<자메이카 헬스클럽>(객석나눔),내유외강,2019-07-02~2019-08-30,대학로 해피씨어터
306,2019-06-14,서울,공연,클래식,무료티켓,[서울]김민욱 귀국 클라리넷 독주회(객석나눔),가온클래식,2019-07-04~2019-07-04,예술의전당 리사이틀홀
307,2019-06-20,서울,공연,국악,무료티켓,[서울]제2회 마포국악페스티벌 <온고지신> 개막공연 - 경계를 넘어(객석나눔),(재)마포문화재단,2019-07-04~2019-07-04,마포아트센터 아트홀맥
308,2019-06-20,서울,공연,국악,할인티켓,[서울]제2회 마포국악페스티벌 <온고지신> 개막공연 - 경계를 넘어,(재)마포문화재단,2019-07-04~2019-07-04,마포아트센터 아트홀맥
309,2019-02-28,서울,공연,국악,무료티켓,[서울]2019 국립국악원 정악단 기획공연<정가 깊이 듣기>(객석나눔),국립국악원,2019-07-04~2019-07-05,국립국악원 우면당
310,2019-06-27,서울,공연,아동극,무료티켓,[서울]어린이과학뮤지컬<참 잘했어요>(객석나눔),콘텐츠79,2019-07-05~2019-08-02,윤당아트홀 1관
311,2019-06-27,서울,공연,아동극,무료티켓,[서울]어린이과학뮤지컬<참 잘했어요>,콘텐츠79,2019-07-05~2019-09-29,윤당아트홀 1관
312,2019-05-20,부산,공연,콘서트,할인티켓,[부산]포레스텔라 2집 발매 전국투어 콘서트<미스티크>,(주)월드쇼마켓,2019-07-06~2019-07-06,벡스코 오디토리움
313,2019-06-12,부산,공연,오페라,무료티켓,[부산]오페라<라 트라비아타>(객석나눔),을숙도문화회관,2019-07-06~2019-07-06,을숙도문화회관 대공연장
314,2019-07-09,서울,공연,연극,무료티켓,"[서울]2019 제3회 미스터리 스릴러전<49,50>(객석나눔)",(주)문화공감공존,2019-07-10~2019-07-13,소극장 혜화당
315,2019-07-09,서울,공연,연극,할인티켓,"[서울]2019 제3회 미스터리 스릴러전<49,50>",(주)문화공감공존,2019-07-10~2019-07-14,소극장 혜화당
316,2019-06-24,서울,공연,콘서트,할인티켓,"[서울]Bursters 2019 World Tour：Seoul, Korea",공연생각,2019-07-11~2019-07-11,홍대 KT＆G 상상마당 라이브홀
317,2019-06-18,부산,공연,콘서트,할인티켓,[부산]재즈 와인에 빠지다 132nd ,문화기획단 무대공감,2019-07-12~2019-07-12,해운대문화회관 해운홀(대공연장)
318,2019-06-20,서울,공연,국악,무료티켓,[서울]제2회 마포국악페스티벌 <온고지신> - 월담: 쓱 넘어오세요(객석나눔),(재)마포문화재단,2019-07-12~2019-07-12,마포아트센터 플레이맥
319,2019-06-20,서울,공연,국악,할인티켓,[서울]제2회 마포국악페스티벌 <온고지신> - 월담: 쓱 넘어오세요,(재)마포문화재단,2019-07-12~2019-07-12,마포아트센터 플레이맥
320,2019-06-26,경기,공연,발레/무용,무료티켓,[경기]현대무용<바디콘서트>(객석나눔),과천시시설관리공단,2019-07-12~2019-07-12,과천시민회관 소극장
321,2019-06-11,서울,공연,연극,무료티켓,[서울]충격실화 공포연극<괴담>(객석나눔),팀플레이예술기획(주),2019-07-12~2019-09-01,지즐 소극장
322,2019-06-11,서울,공연,연극,할인티켓,[서울]충격실화 공포연극<괴담>,팀플레이예술기획(주),2019-07-12~2019-09-01,지즐 소극장
323,2019-06-14,부산,공연,오페라,할인티켓,[부산]오페라<봄봄＆아리랑 난장>,그랜드오페라단,2019-07-13~2019-07-13,부산문화회관 중극장
324,2019-06-24,경북,공연,아동극,무료티켓,[경북]판타지 어드벤처 가족극<토끼전>(객석나눔),재단법인 포항문화재단,2019-07-13~2019-07-13,포항시청 문화동 대잠홀
325,2019-07-09,울산,공연,콘서트,할인티켓,[울산]화제의 미스트롯트9 전국투어 콘서트,주식회사 케이팝뱅크,2019-07-13~2019-07-13,KBS울산홀
326,2019-07-10,울산,공연,콘서트,무료티켓,[울산]화제의 미스트롯트9 전국투어 콘서트(객석나눔),주식회사 케이팝뱅크,2019-07-13~2019-07-13,KBS울산홀
327,2019-06-13,서울,공연,뮤지컬,할인티켓,[서울]뮤지컬<천로역정>,조이피플,2019-07-13~2019-08-31,북촌아트홀
328,2019-06-21,서울,공연,클래식,무료티켓,[서울]육지은 바이올린 독주회 - French Chic(객석나눔),예인예술기획,2019-07-14~2019-07-14,금호아트홀 연세
329,2019-07-09,경남,공연,콘서트,할인티켓,[경남]화제의 미스트롯트9 전국투어 콘서트 - 창원,주식회사 케이팝뱅크,2019-07-14~2019-07-14,MBC경남홀
330,2019-07-10,경남,공연,콘서트,무료티켓,[경남]화제의 미스트롯트9 전국투어 콘서트 - 창원(객석나눔),주식회사 케이팝뱅크,2019-07-14~2019-07-14,MBC경남홀
331,2019-06-21,서울,공연,국악,무료티켓,[서울]제2회 마포국악페스티벌 <온고지신> - 아름다운 조우(객석나눔),(재)마포문화재단,2019-07-16~2019-07-16,마포아트센터 아트홀맥
332,2019-06-21,서울,공연,국악,할인티켓,[서울]제2회 마포국악페스티벌 <온고지신> - 아름다운 조우,(재)마포문화재단,2019-07-16~2019-07-16,마포아트센터 아트홀맥
333,2019-07-05,서울,공연,클래식,무료티켓,[서울]나유경 첼로 독주회(객석나눔),(주)마스트미디어,2019-07-16~2019-07-16,일신홀
334,2019-07-09,서울,공연,뮤지컬,무료티켓,[서울]뮤지컬<공룡이 살아있다>(객석나눔),국립박물관문화재단,2019-07-16~2019-07-18,국립중앙박물관 극장 용
335,2019-07-12,전북,공연,뮤지컬,무료티켓,[전북]2019 전북관광브랜드공연 뮤지컬<홍도1589>(객석나눔),(재)전라북도문화관광재단,2019-07-16~2019-08-31,전라북도예술회관 대공연장
336,2019-07-12,전북,공연,뮤지컬,할인티켓,[전북]2019 전북관광브랜드공연 뮤지컬<홍도1589>,(재)전라북도문화관광재단,2019-07-16~2019-08-31,전라북도예술회관 대공연장
337,2019-07-03,경기,공연,아동극,무료티켓,[경기]2019 경기인형극제 in Suwon <구렁덩덩 신선비>(객석나눔),사단법인 경기인형극진흥회,2019-07-17~2019-07-17,경기상상캠퍼스 대교육장
338,2019-07-03,경기,공연,아동극,무료티켓,[경기]2019 경기인형극제 in Suwon <목수장이 엘리>(객석나눔),사단법인 경기인형극진흥회,2019-07-17~2019-07-17,경기상상캠퍼스 M3 멀티벙커
339,2019-06-17,인천,공연,뮤지컬,무료티켓,[인천]브로드웨이 댄스뮤지컬<번더플로어>(객석나눔),인천광역시문화예술회관,2019-07-17~2019-07-18,인천문화예술회관 대공연장
340,2019-06-17,인천,공연,뮤지컬,할인티켓,[인천]브로드웨이 댄스뮤지컬<번더플로어>,인천광역시문화예술회관,2019-07-17~2019-07-18,인천문화예술회관 대공연장
341,2019-07-03,서울,공연,기타,무료티켓,[서울]詩를 입은 음악극 詩리즈 <시인의 나라 - 새로운 길>(객석나눔),주식회사 이비컴퍼니,2019-07-17~2019-07-20,남산골한옥마을 서울남산국악당
342,2019-07-03,서울,공연,기타,할인티켓,[서울]詩를 입은 음악극 詩리즈 <시인의 나라 - 새로운 길>,주식회사 이비컴퍼니,2019-07-17~2019-07-20,남산골한옥마을 서울남산국악당
343,2019-07-09,서울,공연,연극,무료티켓,[서울]2019 제3회 미스터리 스릴러전<위험한 거래>(객석나눔),(주)문화공감공존,2019-07-17~2019-07-20,소극장 혜화당
344,2019-07-09,서울,공연,연극,할인티켓,[서울]2019 제3회 미스터리 스릴러전<위험한 거래>,(주)문화공감공존,2019-07-17~2019-07-21,소극장 혜화당
345,2019-07-11,대구,공연,연극,무료티켓,[대구]2019 힐링로코 연극<나무꾼의 옷을 훔친 선녀>(객석나눔),사단법인 공연제작 엑터스토리,2019-07-17~2019-07-28,예술극장 엑터스토리
346,2019-07-11,대구,공연,연극,할인티켓,[대구]2019 힐링로코 연극<나무꾼의 옷을 훔친 선녀>,사단법인 공연제작 엑터스토리,2019-07-17~2019-07-28,예술극장 엑터스토리
347,2019-07-10,부산,공연,전통,무료티켓,[부산]천생연분 시즌Ⅱ<붉은 머리 학 이야기>(객석나눔),국립부산국악원,2019-07-17~2019-08-14,국립부산국악원 예지당(소극장)
348,2019-07-08,서울,공연,콘서트,무료티켓,[서울]SAZA최우준 3rd 앨범발매 기념 콘서트(객석나눔),SAZA최우준,2019-07-18~2019-07-18,홍대 하나투어 브이홀
349,2019-06-21,서울,공연,국악,무료티켓,[서울]제2회 마포국악페스티벌 <온고지신> - 국악 실크로드(객석나눔),(재)마포문화재단,2019-07-19~2019-07-19,마포아트센터 플레이맥
350,2019-06-21,서울,공연,국악,할인티켓,[서울]제2회 마포국악페스티벌 <온고지신> - 국악 실크로드,(재)마포문화재단,2019-07-19~2019-07-19,마포아트센터 플레이맥
351,2019-07-03,경기,공연,아동극,무료티켓,[경기]2019 경기인형극제 in Suwon <평강공주와 온달바보>(객석나눔),사단법인 경기인형극진흥회,2019-07-19~2019-07-19,경기상상캠퍼스 대교육장
352,2019-07-04,서울,공연,클래식,무료티켓,[서울]코리안심포니오케스트라 <클래식 히어로Ⅰ>(객석나눔),(재)코리안심포니오케스트라,2019-07-19~2019-07-19,예술의전당 콘서트홀
353,2019-07-12,서울,공연,콘서트,무료티켓,[서울]김규하 블루스밴드 콘서트(객석나눔),한국블루스소사이어티,2019-07-19~2019-07-19,코리아블루스씨어터
354,2019-06-24,서울,공연,연극,무료티켓,[서울]망원동 브라더스(객석나눔),(주)씨어터오,2019-07-19~2019-07-21,예그린씨어터
355,2019-07-10,서울,공연,발레/무용,무료티켓,[서울]국립현대무용단<쌍쌍>(객석나눔),(재)국립현대무용단,2019-07-19~2019-07-21,예술의전당 CJ 토월극장
356,2019-06-20,경기,공연,퍼포먼스,할인티켓,[경기]익스트림 퍼포먼스<플라잉> - 과천,마인드 달,2019-07-19~2019-08-25,국립과천과학관 어울림홀
357,2019-06-25,서울,공연,국악,무료티켓,[서울]제2회 마포국악페스티벌 <온고지신> - 4인놀이(객석나눔),(재)마포문화재단,2019-07-20~2019-07-20,마포아트센터 플레이맥
358,2019-06-25,부산,공연,오페라,무료티켓,[부산]국립오페라단 콘서트 오페라<마술피리>(객석나눔),을숙도문화회관,2019-07-20~2019-07-20,을숙도문화회관 대공연장
359,2019-06-25,서울,공연,국악,할인티켓,[서울]제2회 마포국악페스티벌 <온고지신> - 4인놀이,(재)마포문화재단,2019-07-20~2019-07-20,마포아트센터 플레이맥
360,2019-07-17,전북,공연,콘서트,할인티켓,[전북]화제의 미스트롯트9 전국투어 콘서트 - 익산,주식회사 케이팝뱅크,2019-07-20~2019-07-20,익산예술의전당 대공연장
361,2019-07-18,서울,공연,콘서트,무료티켓,[서울]CR 태규 콘서트(객석나눔),한국블루스소사이어티,2019-07-20~2019-07-20,코리아블루스씨어터
362,2019-06-17,대구,공연,뮤지컬,할인티켓,[대구]브로드웨이 댄스뮤지컬<번더플로어>,(주)TBC,2019-07-20~2019-07-21,대구오페라하우스
363,2019-06-20,부산,공연,퍼포먼스,무료티켓,[부산]넌버벌 퍼포먼스<플라이팬(FLY-PAN)>(객석나눔),(주)화랑엔터테인먼트,2019-07-20~2019-07-21,KBS부산홀
364,2019-06-20,부산,공연,퍼포먼스,할인티켓,[부산]넌버벌 퍼포먼스<플라이팬(FLY-PAN)>,(주)화랑엔터테인먼트,2019-07-20~2019-07-21,KBS부산홀
365,2019-06-25,부산,공연,아동극,무료티켓,[부산]환상 가족 음악극<리틀뮤지션>(객석나눔),동래구문화시설사업소,2019-07-21~2019-07-21,동래문화회관 대극장
366,2019-07-17,경남,공연,콘서트,할인티켓,[경남]화제의 미스트롯트9 전국투어 콘서트 - 밀양,주식회사 케이팝뱅크,2019-07-21~2019-07-21,밀양아리랑아트센터 대공연장
367,2019-07-15,경기,공연,퍼포먼스,무료티켓,[경기]익스트림 퍼포먼스<플라잉> - 과천(객석나눔),마인드 달,2019-07-21~2019-08-02,국립과천과학관 어울림홀
368,2019-07-03,경기,공연,아동극,무료티켓,"[경기]2019 경기인형극제 in Suwon <울 줄 모르는 고양이, 치카치카 호랑이>(객석나눔) ",사단법인 경기인형극진흥회,2019-07-22~2019-07-22,경기도문화의전당 소공연장
369,2019-07-03,경기,공연,아동극,무료티켓,[경기]2019 경기인형극제 in Suwon <은혜갚은 까치>(객석나눔),사단법인 경기인형극진흥회,2019-07-22~2019-07-23,경기상상캠퍼스 M3 코워킹스페이스
370,2019-06-25,서울,공연,국악,무료티켓,[서울]제2회 마포국악페스티벌 <온고지신> -  판소리 인형극 수궁가(객석나눔),(재)마포문화재단,2019-07-23~2019-07-23,마포아트센터 플레이맥
371,2019-06-25,서울,공연,국악,할인티켓,[서울]제2회 마포국악페스티벌 <온고지신> -  판소리 인형극 수궁가,(재)마포문화재단,2019-07-23~2019-07-23,마포아트센터 플레이맥
372,2019-07-03,경기,공연,아동극,무료티켓,[경기]2019 경기인형극제 in Suwon <모먼츠>(객석나눔),사단법인 경기인형극진흥회,2019-07-23~2019-07-23,경기상상캠퍼스 대교육장
373,2019-06-25,서울,공연,국악,무료티켓,[서울]제2회 마포국악페스티벌 <온고지신> - 피리울림(객석나눔),(재)마포문화재단,2019-07-24~2019-07-24,마포아트센터 플레이맥
374,2019-06-25,서울,공연,국악,할인티켓,[서울]제2회 마포국악페스티벌 <온고지신> - 피리울림,(재)마포문화재단,2019-07-24~2019-07-24,마포아트센터 플레이맥
375,2019-07-03,경기,공연,아동극,무료티켓,[경기]2019 경기인형극제 in Suwon <드래곤>(객석나눔),사단법인 경기인형극진흥회,2019-07-24~2019-07-24,경기상상캠퍼스 M3 멀티벙커
376,2019-07-03,경기,공연,아동극,무료티켓,[경기]2019 경기인형극제 in Suwon <비발디의 사계>(객석나눔),사단법인 경기인형극진흥회,2019-07-24~2019-07-24,경기도문화의전당 소공연장
377,2019-07-12,울산,공연,기타,할인티켓,[울산]2019 매직갈라쇼,히든기획,2019-07-24~2019-07-24,울주문화예술회관
378,2019-07-09,서울,공연,연극,무료티켓,[서울]2019 제3회 미스터리 스릴러전<나의 이웃>(객석나눔),(주)문화공감공존,2019-07-24~2019-07-27,소극장 혜화당
379,2019-07-09,서울,공연,연극,할인티켓,[서울]2019 제3회 미스터리 스릴러전<나의 이웃>,(주)문화공감공존,2019-07-24~2019-07-28,소극장 혜화당
380,2019-07-16,서울,공연,클래식,무료티켓,[서울]조지현의 Beethoven Cycle 9회(객석나눔),(주)마스트미디어,2019-07-25~2019-07-25,예술의전당 IBK챔버홀
381,2019-07-05,서울,공연,전통,무료티켓,"[서울]우리 이야기, 꼭두 이야기(객석나눔)",국립국악원,2019-07-25~2019-07-26,국립국악원 예악당
382,2019-07-15,제주,공연,연극,할인티켓,[제주]공포연극<조각>,아이짬 컴퍼니,2019-07-25~2019-09-29,제주 세이레아트센터
383,2019-06-26,부산,공연,콘서트,할인티켓,[부산]2019 제이슨 므라즈 내한공연 - GOOD VIBES TOUR,(주)월드쇼마켓,2019-07-26~2019-07-26,벡스코 제1전시장
384,2019-07-16,서울,공연,콘서트,무료티켓,[서울]서울상경음악단 콘서트(객석나눔),한국블루스소사이어티,2019-07-26~2019-07-26,코리아블루스씨어터
385,2019-07-15,서울,공연,콘서트,무료티켓,[서울]악단광칠<미치고 팔짝 콘서트 - 신들의 파티>(객석나눔),문화상인 보부,2019-07-26~2019-07-27,현대카드 언더스테이지
386,2019-06-26,서울,공연,국악,무료티켓,[서울]제2회 마포국악페스티벌 <온고지신> - 감각의 발견 Sensation(객석나눔),(재)마포문화재단,2019-07-27~2019-07-27,마포아트센터 플레이맥
387,2019-06-26,서울,공연,국악,할인티켓,[서울]제2회 마포국악페스티벌 <온고지신> - 감각의 발견 Sensation,(재)마포문화재단,2019-07-27~2019-07-27,마포아트센터 플레이맥
388,2019-07-25,서울,공연,콘서트,무료티켓,[서울]최항석과 부기몬스터 콘서트 - 7월(객석나눔),한국블루스소사이어티,2019-07-27~2019-07-27,코리아블루스씨어터
389,2019-07-09,경기,공연,아동극,할인티켓,[경기]뮤지컬<요괴메카드 - 렛츠고! 요괴탐험대> - 부천,공연생각,2019-07-27~2019-07-28,부천 시민회관 대공연장
390,2019-07-17,경북,공연,콘서트,할인티켓,[경북]화제의 미스트롯트9 전국투어 콘서트 - 구미,주식회사 케이팝뱅크,2019-07-28~2019-07-28,구미시문화예술회관 대공연장
391,2019-07-04,서울,공연,국악,무료티켓,[서울]제2회 마포국악페스티벌 <온고지신> - 김홍도 화첩기행(객석나눔),(재)마포문화재단,2019-07-30~2019-07-30,마포아트센터 플레이맥
392,2019-07-04,서울,공연,국악,할인티켓,[서울]제2회 마포국악페스티벌 <온고지신> - 김홍도 화첩기행,(재)마포문화재단,2019-07-30~2019-07-30,마포아트센터 플레이맥
393,2019-07-29,서울,공연,연극,할인티켓,[서울]망원동 브라더스,(주)씨어터오,2019-07-30~2019-08-25,예그린씨어터
394,2019-07-04,서울,공연,국악,무료티켓,[서울]제2회 마포국악페스티벌 <온고지신> - 오메풍류(객석나눔),(재)마포문화재단,2019-08-01~2019-08-01,마포아트센터 플레이맥
395,2019-07-04,서울,공연,국악,할인티켓,[서울]제2회 마포국악페스티벌 <온고지신> - 오메풍류,(재)마포문화재단,2019-08-01~2019-08-01,마포아트센터 플레이맥
396,2019-07-19,서울,공연,클래식,무료티켓,[서울]코리안심포니오케스트라 <클래식 히어로Ⅱ>(객석나눔),(재)코리안심포니오케스트라,2019-08-01~2019-08-01,롯데콘서트홀
397,2019-07-30,서울,공연,아동극,무료티켓,[서울]뮤지컬<요괴메카드 - 렛츠고! 요괴탐험대> - 서울 앵콜(객석나눔),(주)하쿠나마타타,2019-08-01~2019-08-11,강동아트센터 대극장 한강
398,2019-07-04,서울,공연,국악,무료티켓,[서울]제2회 마포국악페스티벌 <온고지신> - 진명 X 연희(演戱) : STREET(객석나눔),(재)마포문화재단,2019-08-02~2019-08-02,마포아트센터 플레이맥
399,2019-07-04,서울,공연,국악,할인티켓,[서울]제2회 마포국악페스티벌 <온고지신> - 진명 X 연희(演戱) : STREET,(재)마포문화재단,2019-08-02~2019-08-02,마포아트센터 플레이맥
400,2019-07-25,서울,공연,콘서트,무료티켓,[서울]최항석과 부기몬스터 콘서트 - 8월(객석나눔),한국블루스소사이어티,2019-08-02~2019-08-02,코리아블루스씨어터
401,2019-07-29,서울,공연,아동극,무료티켓,[서울]가족뮤지컬<다함께 다방구>(객석나눔),위로팩토리,2019-08-03~2019-08-31,대학로 업스테이지(UP STAGE)
402,2019-07-04,서울,공연,국악,무료티켓,[서울]제2회 마포국악페스티벌 <온고지신> - 소리의 정원 - 추선(객석나눔),(재)마포문화재단,2019-08-06~2019-08-06,마포아트센터 플레이맥
403,2019-07-04,서울,공연,국악,할인티켓,[서울]제2회 마포국악페스티벌 <온고지신> - 소리의 정원 - 추선,(재)마포문화재단,2019-08-06~2019-08-06,마포아트센터 플레이맥
404,2019-07-24,인천,공연,클래식,무료티켓,[인천]2019 썸머페스티벌<제이에스 스트링 - 바로크 음악>(객석나눔),인천광역시문화예술회관,2019-08-06~2019-08-06,인천문화예술회관 소공연장
405,2019-07-16,서울,공연,국악,무료티켓,[서울]2019 칠석공연<은하수夜>(객석나눔),국립국악원,2019-08-07~2019-08-07,국립국악원 예악당
406,2019-07-22,부산,공연,클래식,무료티켓,[부산]2019 청소년 여름 음악회<클래식 바캉스 in 을숙도>(객석나눔),을숙도문화회관,2019-08-07~2019-08-07,을숙도문화회관 대공연장
407,2019-07-24,인천,공연,클래식,무료티켓,[인천]2019 썸머페스티벌<플러스 챔버 그룹 - 고전 음악>(객석나눔),인천광역시문화예술회관,2019-08-07~2019-08-07,인천문화예술회관 소공연장
408,2019-07-31,서울,공연,발레/무용,무료티켓,[서울]2019년 제4회 대한민국장애인국제무용제 (객석나눔),사단법인 빛소리친구들,2019-08-07~2019-08-11,아르코예술극장 대극장
409,2019-07-04,서울,공연,국악,무료티켓,[서울]제2회 마포국악페스티벌 <온고지신> 폐막공연 - 전통에 대한 경외(객석나눔),(재)마포문화재단,2019-08-08~2019-08-08,마포아트센터 아트홀맥
410,2019-07-04,서울,공연,국악,할인티켓,[서울]제2회 마포국악페스티벌 <온고지신> 폐막공연 - 전통에 대한 경외,(재)마포문화재단,2019-08-08~2019-08-08,마포아트센터 아트홀맥
411,2019-07-24,인천,공연,클래식,무료티켓,[인천]2019 썸머페스티벌<정재원 피아노 리사이틀 - 낭만 음악>(객석나눔),인천광역시문화예술회관,2019-08-08~2019-08-08,인천문화예술회관 소공연장
412,2019-07-05,서울,공연,클래식,할인티켓,[서울]슈투트가르트 페가소스 스트링 콰르텟,(재)마포문화재단,2019-08-09~2019-08-09,마포아트센터 아트홀맥
413,2019-07-24,인천,공연,클래식,무료티켓,[인천]2019 썸머페스티벌<인천 콘서트 챔버 - 근대 음악>(객석나눔),인천광역시문화예술회관,2019-08-09~2019-08-09,인천문화예술회관 소공연장
414,2019-07-23,경기,공연,퍼포먼스,무료티켓,[경기]가족무용음악극<TWO>(객석나눔),과천시시설관리공단,2019-08-10~2019-08-10,과천시민회관 소극장
415,2019-07-24,인천,공연,클래식,무료티켓,[인천]2019 썸머페스티벌<듀오 비비드 - 현대음악 : 로미오와 줄리엣>(객석나눔),인천광역시문화예술회관,2019-08-10~2019-08-10,인천문화예술회관 소공연장
416,2019-07-11,대구,공연,발레/무용,할인티켓,[대구]상트페테르부르크 국립 아이스발레단<잠자는 숲 속의 공주>,(주)예술기획 성우,2019-08-15~2019-08-16,계명아트센터
417,2019-07-30,서울,공연,클래식,할인티켓,[서울]서울튜티앙상블 독일순회공연 기념연주회,사단법인 서울튜티앙상블,2019-08-16~2019-08-16,예술의전당 IBK챔버홀
418,2019-07-18,서울,공연,아동극,할인티켓,[서울]감정코칭 가족뮤지컬<기분을 말해봐>,엔씨컴퍼니,2019-08-20~2019-09-01,한국방송회관 코바코홀
419,2019-07-31,부산,공연,전통,무료티켓,[부산]창극<지리산>(객석나눔),국립부산국악원,2019-08-23~2019-08-24,국립부산국악원 연악당(대극장)
420,2019-07-17,서울,공연,콘서트,할인티켓,"[서울]비트온탑 힙합콘서트 - 그레이, 스윙스, 창모, 애쉬아일랜드",제이티앤미디어(주),2019-08-24~2019-08-24,고려대학교 화정체육관
421,2019-07-17,서울,공연,콘서트,할인티켓,"[서울]컬러오브스테이지 - 하현우, 먼데이키즈, 로맨틱펀치",제이티앤미디어(주),2019-08-25~2019-08-25,고려대학교 화정체육관
422,2019-07-23,부산,공연,콘서트,무료티켓,[부산]2019 전영록 콘서트(객석나눔),(주)화랑엔터테인먼트,2019-08-25~2019-08-25,KBS부산홀
423,2019-07-23,부산,공연,콘서트,할인티켓,[부산]2019 전영록 콘서트,(주)화랑엔터테인먼트,2019-08-25~2019-08-25,KBS부산홀
424,2019-07-29,서울,공연,뮤지컬,할인티켓,[서울]겁쟁이 빌리,주식회사 에이엠컬처(AM Culture),2019-08-27~2019-09-29,예림당아트홀(구.웅진씽크빅 아트홀)
425,2019-07-22,울산,공연,연극,할인티켓,[울산]연희극<어느 골짜기에 관한 논쟁>,극단새벽,2019-08-31~2019-08-31,울산중구문화의전당 함월홀
